[{"model": "products.productcategory", "pk": 13, "fields": {"name": "Одежда", "description": "", "is_active": true}}, {"model": "products.productcategory", "pk": 14, "fields": {"name": "Аксессуары", "description": "Все аксессуары", "is_active": true}}, {"model": "products.productcategory", "pk": 15, "fields": {"name": "Обувь", "description": "", "is_active": true}}, {"model": "products.productcategory", "pk": 16, "fields": {"name": "Новинки", "description": "", "is_active": true}}, {"model": "products.productcategory", "pk": 17, "fields": {"name": "Новогодняя", "description": "Все новогоднее", "is_active": false}}, {"model": "products.productcategory", "pk": 18, "fields": {"name": "er1", "description": "bnmbm", "is_active": false}}, {"model": "products.product", "pk": 19, "fields": {"name": "Худи черного цвета с монограммами adidas Originals", "img": "products_uploads/Adidas-hoodie.png", "price": "6090.00", "desc": "Мягкая ткань для свитшотов. Стиль и комфорт – это образ жизни.", "quantity": 10, "category": 13, "is_active": true}}, {"model": "products.product", "pk": 20, "fields": {"name": "Синяя куртка The North Face", "img": "products_uploads/Blue-jacket-The-North-Face.png", "price": "23725.00", "desc": "Гладкая ткань. Водонепроницаемое покрытие. Легкий и теплый пуховый наполнитель.", "quantity": 21, "category": 13, "is_active": true}}, {"model": "products.product", "pk": 21, "fields": {"name": "Коричневый спортивный oversized-топ ASOS DESIGN", "img": "products_uploads/Brown-sports-oversized-top-ASOS-DESIGN.png", "price": "3390.00", "desc": "Материал с плюшевой текстурой. Удобный и мягкий.", "quantity": 10, "category": 16, "is_active": true}}, {"model": "products.product", "pk": 22, "fields": {"name": "Черный рюкзак Nike Heritage", "img": "products_uploads/Black-Nike-Heritage-backpack.png", "price": "2340.00", "desc": "Плотная ткань. Легкий материал.", "quantity": 9, "category": 14, "is_active": true}}, {"model": "products.product", "pk": 23, "fields": {"name": "Черные туфли на платформе с 3 парами люверсов Dr Martens 1461 Bex", "img": "products_uploads/Black-Dr-Martens-shoes.png", "price": "13590.00", "desc": "Гладкий кожаный верх. Натуральный материал.", "quantity": 10, "category": 15, "is_active": true}}, {"model": "products.product", "pk": 24, "fields": {"name": "Темно-синие широкие строгие брюки ASOS DESIGN", "img": "products_uploads/Dark-blue-wide-leg-ASOs-DESIGN-trousers.png", "price": "2890.00", "desc": "Легкая эластичная ткань сирсакер Фактурная ткань.", "quantity": 10, "category": 13, "is_active": true}}, {"model": "products.product", "pk": 25, "fields": {"name": "Шарик", "img": "products_uploads/store_apendix_big167243_45656.jpeg", "price": "1200.10", "desc": "Шарик новогодний", "quantity": 1, "category": 17, "is_active": false}}, {"model": "products.product", "pk": 26, "fields": {"name": "Штанцы", "img": "products_uploads/NDgz7hCMI-Q.jpg", "price": "1020.00", "desc": "Моднявые штанцы", "quantity": 10, "category": 13, "is_active": true}}, {"model": "products.product", "pk": 27, "fields": {"name": "Про", "img": "products_uploads/NDgz7hCMI-Q_JDz1aEc.jpg", "price": "123.00", "desc": "выавыа", "quantity": 12, "category": 18, "is_active": false}}, {"model": "ordersapp.order", "pk": 1, "fields": {"user": 1, "created": "2022-01-06T13:05:23.455Z", "updated": "2022-01-06T13:16:42.616Z", "status": "STP", "is_active": true}}, {"model": "ordersapp.order", "pk": 2, "fields": {"user": 1, "created": "2022-01-06T13:16:52.754Z", "updated": "2022-01-06T13:17:03.163Z", "status": "FM", "is_active": false}}, {"model": "ordersapp.order", "pk": 3, "fields": {"user": 1, "created": "2022-01-06T13:29:10.485Z", "updated": "2022-01-06T13:29:23.293Z", "status": "FM", "is_active": false}}, {"model": "ordersapp.order", "pk": 4, "fields": {"user": 1, "created": "2022-01-06T13:29:31.829Z", "updated": "2022-01-07T12:45:35.642Z", "status": "FM", "is_active": false}}, {"model": "ordersapp.order", "pk": 5, "fields": {"user": 1, "created": "2022-01-08T14:30:10.853Z", "updated": "2022-01-08T14:30:10.867Z", "status": "FM", "is_active": true}}, {"model": "ordersapp.order", "pk": 6, "fields": {"user": 1, "created": "2022-01-08T14:37:11.625Z", "updated": "2022-01-08T14:37:11.641Z", "status": "FM", "is_active": true}}, {"model": "ordersapp.order", "pk": 7, "fields": {"user": 1, "created": "2022-01-08T14:57:11.462Z", "updated": "2022-01-11T19:39:42.141Z", "status": "FM", "is_active": true}}, {"model": "ordersapp.order", "pk": 8, "fields": {"user": 1, "created": "2022-01-09T07:35:14.537Z", "updated": "2022-01-09T07:35:14.582Z", "status": "FM", "is_active": true}}, {"model": "ordersapp.order", "pk": 9, "fields": {"user": 1, "created": "2022-01-09T16:46:51.346Z", "updated": "2022-01-09T17:15:00.175Z", "status": "FM", "is_active": false}}, {"model": "ordersapp.order", "pk": 10, "fields": {"user": 1, "created": "2022-01-09T17:42:09.552Z", "updated": "2022-01-10T19:45:39.500Z", "status": "FM", "is_active": true}}, {"model": "ordersapp.order", "pk": 11, "fields": {"user": 1, "created": "2022-01-10T19:40:52.324Z", "updated": "2022-01-10T19:40:52.348Z", "status": "FM", "is_active": false}}, {"model": "ordersapp.orderitem", "pk": 1, "fields": {"order": 1, "product": 20, "quantity": 2}}, {"model": "ordersapp.orderitem", "pk": 2, "fields": {"order": 1, "product": 21, "quantity": 1}}, {"model": "ordersapp.orderitem", "pk": 3, "fields": {"order": 1, "product": 25, "quantity": 1}}, {"model": "ordersapp.orderitem", "pk": 4, "fields": {"order": 2, "product": 20, "quantity": 2}}, {"model": "ordersapp.orderitem", "pk": 5, "fields": {"order": 2, "product": 21, "quantity": 1}}, {"model": "ordersapp.orderitem", "pk": 6, "fields": {"order": 2, "product": 25, "quantity": 1}}, {"model": "ordersapp.orderitem", "pk": 7, "fields": {"order": 3, "product": 20, "quantity": 2}}, {"model": "ordersapp.orderitem", "pk": 8, "fields": {"order": 3, "product": 21, "quantity": 1}}, {"model": "ordersapp.orderitem", "pk": 9, "fields": {"order": 3, "product": 25, "quantity": 1}}, {"model": "ordersapp.orderitem", "pk": 10, "fields": {"order": 4, "product": 20, "quantity": 2}}, {"model": "ordersapp.orderitem", "pk": 11, "fields": {"order": 4, "product": 21, "quantity": 1}}, {"model": "ordersapp.orderitem", "pk": 12, "fields": {"order": 4, "product": 25, "quantity": 1}}, {"model": "ordersapp.orderitem", "pk": 15, "fields": {"order": 5, "product": 25, "quantity": 1}}, {"model": "ordersapp.orderitem", "pk": 16, "fields": {"order": 6, "product": 25, "quantity": 1}}, {"model": "ordersapp.orderitem", "pk": 17, "fields": {"order": 7, "product": 25, "quantity": 1}}, {"model": "ordersapp.orderitem", "pk": 18, "fields": {"order": 8, "product": 25, "quantity": 1}}, {"model": "ordersapp.orderitem", "pk": 19, "fields": {"order": 9, "product": 25, "quantity": 1}}, {"model": "ordersapp.orderitem", "pk": 20, "fields": {"order": 10, "product": 20, "quantity": 1}}, {"model": "ordersapp.orderitem", "pk": 21, "fields": {"order": 10, "product": 21, "quantity": 3}}, {"model": "ordersapp.orderitem", "pk": 22, "fields": {"order": 10, "product": 22, "quantity": 1}}, {"model": "ordersapp.orderitem", "pk": 23, "fields": {"order": 10, "product": 25, "quantity": 1}}, {"model": "ordersapp.orderitem", "pk": 24, "fields": {"order": 10, "product": 25, "quantity": 2}}, {"model": "ordersapp.orderitem", "pk": 25, "fields": {"order": 7, "product": 23, "quantity": 0}}, {"model": "baskets.basket", "pk": 43, "fields": {"user": 1, "product": 21, "quantity": 1, "create_timestamp": "2022-01-12T17:31:01.459Z", "update_timestamp": "2022-01-12T17:31:01.459Z"}}]