[
{
  "model": "sessions.session",
  "pk": "1xwak3an7xmp0sjhhp43veicioy5st4g",
  "fields": {
    "session_data": ".eJxVjDsOwjAQBe_iGlnrH8lS0ucM1tq7xgGUSHFSIe4OkVJA-2bmvVSkba1xa7LEkdVFGXX63RLlh0w74DtNt1nneVqXMeld0QdtephZntfD_Tuo1Oq3dk5SZtsBICSDki0So6TAPtkChYMhFxAEre0FikN04OXcWerB-KLeH-rON5k:1n18FD:jkWDxP0LQ3vWuRzj_UjAgklj-qrKX8Rf-DX30sHDctE",
    "expire_date": "2022-01-08T14:41:59.960Z"
  }
},
{
  "model": "sessions.session",
  "pk": "4dyg9pw9nafppxgbbeh5qzistuur05h0",
  "fields": {
    "session_data": ".eJxVjDsOwjAQBe_iGlnrH8lS0ucM1tq7xgGUSHFSIe4OkVJA-2bmvVSkba1xa7LEkdVFGXX63RLlh0w74DtNt1nneVqXMeld0QdtephZntfD_Tuo1Oq3dk5SZtsBICSDki0So6TAPtkChYMhFxAEre0FikN04OXcWerB-KLeH-rON5k:1myEoY:AUNUOqZ5wOcLmqfkTOVIusEuDLyDxTM99vW_mBQ8Tps",
    "expire_date": "2021-12-31T15:06:30.423Z"
  }
},
{
  "model": "sessions.session",
  "pk": "7gzneaw1t1mn56ujfyfwd1e3wjqipvc3",
  "fields": {
    "session_data": ".eJxVjztvwjAUhf-LFxZIHduJ7W4VnUCFpWVgsa5fJE1IqtihL_W_10EIwXqOvvPd-4s69xXRI5o9zNAcnZpFD2OsiAoRokv5Pv9-e3mtNisej8fd88dn8XNovVyO74OnUMgEqYlQY3CDqm1CiLgPNZjGdVMTelNDq0w_uOyShuzUZLv19mmy3nMVhCpBOlkwppQyb8E6QxgxhpaQc8IxIUYUnjAvtAYNFvNSCCd5KVkuvdEM2zR68Z6nWwhRtf2h7m4Ou_6N_v4BV2paDg:1mzieS:F96KjMfKK3nJfmQShmGz1fWQCtBpNwPRZGMhKiAwy8s",
    "expire_date": "2022-01-04T17:10:12.924Z"
  }
},
{
  "model": "sessions.session",
  "pk": "ct5bv7pwikmka59ffnchualhdkloeocb",
  "fields": {
    "session_data": ".eJxVjDsOwjAQBe_iGlnrH8lS0ucM1tq7xgGUSHFSIe4OkVJA-2bmvVSkba1xa7LEkdVFGXX63RLlh0w74DtNt1nneVqXMeld0QdtephZntfD_Tuo1Oq3dk5SZtsBICSDki0So6TAPtkChYMhFxAEre0FikN04OXcWerB-KLeH-rON5k:1n6Cwb:3tLz01aRzZdYlSLBuO6_w6xrMFa4YudpwzeyzQBSnnk",
    "expire_date": "2022-01-22T14:43:45.108Z"
  }
},
{
  "model": "sessions.session",
  "pk": "h2ecfxgow6pyo84f5xdlfn912kgnvwiz",
  "fields": {
    "session_data": ".eJxVjztvwjAUhf-LFxZIHduJ7W4VnUCFpWVgsa5fJE1IqtihL_W_10EIwXqOvvPd-4s69xXRI5o9zNAcnZpFD2OsiAoRokv5Pv9-e3mtNisej8fd88dn8XNovVyO74OnUMgEqYlQY3CDqm1CiLgPNZjGdVMTelNDq0w_uOyShuzUZLv19mmy3nMVhCpBOlkwppQyb8E6QxgxhpaQc8IxIUYUnjAvtAYNFvNSCCd5KVkuvdEM2zR68Z6nWwhRtf2h7m4Ou_6N_v4BV2paDg:1mzieU:lnRI5LwVVuvRhfguFpjYQwYGrxjev5aQrObCYDziAUY",
    "expire_date": "2022-01-04T17:10:14.462Z"
  }
},
{
  "model": "sessions.session",
  "pk": "if6mkvomjh5gde9vr7wib36ev480x1rc",
  "fields": {
    "session_data": "e30:1myEe9:9FtA4agRx_gxtPJBNj5LGH9OVGvqDHQIynpq5WtTZy0",
    "expire_date": "2021-12-31T14:55:45.757Z"
  }
},
{
  "model": "sessions.session",
  "pk": "l411artnv5tqse0xire4uf6h9mefwy3z",
  "fields": {
    "session_data": ".eJxVjztvwjAUhf-LFxZIHduJ7W4VnUCFpWVgsa5fJE1IqtihL_W_10EIwXqOvvPd-4s69xXRI5o9zNAcnZpFD2OsiAoRokv5Pv9-e3mtNisej8fd88dn8XNovVyO74OnUMgEqYlQY3CDqm1CiLgPNZjGdVMTelNDq0w_uOyShuzUZLv19mmy3nMVhCpBOlkwppQyb8E6QxgxhpaQc8IxIUYUnjAvtAYNFvNSCCd5KVkuvdEM2zR68Z6nWwhRtf2h7m4Ou_6N_v4BV2paDg:1mzieR:9Xs4DcGOULeI6aFEOnS0ouM5h6sfY9FhWCsVNBz88Ng",
    "expire_date": "2022-01-04T17:10:11.433Z"
  }
},
{
  "model": "products.productcategory",
  "pk": 13,
  "fields": {
    "name": "Одежда",
    "description": "",
    "is_active": true
  }
},
{
  "model": "products.productcategory",
  "pk": 14,
  "fields": {
    "name": "Аксессуары",
    "description": "Все аксессуары",
    "is_active": true
  }
},
{
  "model": "products.productcategory",
  "pk": 15,
  "fields": {
    "name": "Обувь",
    "description": "",
    "is_active": true
  }
},
{
  "model": "products.productcategory",
  "pk": 16,
  "fields": {
    "name": "Новинки",
    "description": "",
    "is_active": true
  }
},
{
  "model": "products.productcategory",
  "pk": 17,
  "fields": {
    "name": "Новогодняя",
    "description": "Все новогоднее",
    "is_active": false
  }
},
{
  "model": "products.productcategory",
  "pk": 18,
  "fields": {
    "name": "er1",
    "description": "bnmbm",
    "is_active": false
  }
},
{
  "model": "products.product",
  "pk": 19,
  "fields": {
    "name": "Худи черного цвета с монограммами adidas Originals",
    "img": "products_uploads/Adidas-hoodie.png",
    "price": "6090.00",
    "desc": "Мягкая ткань для свитшотов. Стиль и комфорт – это образ жизни.",
    "quantity": 10,
    "category": 13,
    "is_active": true
  }
},
{
  "model": "products.product",
  "pk": 20,
  "fields": {
    "name": "Синяя куртка The North Face",
    "img": "products_uploads/Blue-jacket-The-North-Face.png",
    "price": "23725.00",
    "desc": "Гладкая ткань. Водонепроницаемое покрытие. Легкий и теплый пуховый наполнитель.",
    "quantity": 21,
    "category": 13,
    "is_active": true
  }
},
{
  "model": "products.product",
  "pk": 21,
  "fields": {
    "name": "Коричневый спортивный oversized-топ ASOS DESIGN",
    "img": "products_uploads/Brown-sports-oversized-top-ASOS-DESIGN.png",
    "price": "3390.00",
    "desc": "Материал с плюшевой текстурой. Удобный и мягкий.",
    "quantity": 10,
    "category": 16,
    "is_active": true
  }
},
{
  "model": "products.product",
  "pk": 22,
  "fields": {
    "name": "Черный рюкзак Nike Heritage",
    "img": "products_uploads/Black-Nike-Heritage-backpack.png",
    "price": "2340.00",
    "desc": "Плотная ткань. Легкий материал.",
    "quantity": 9,
    "category": 14,
    "is_active": true
  }
},
{
  "model": "products.product",
  "pk": 23,
  "fields": {
    "name": "Черные туфли на платформе с 3 парами люверсов Dr Martens 1461 Bex",
    "img": "products_uploads/Black-Dr-Martens-shoes.png",
    "price": "13590.00",
    "desc": "Гладкий кожаный верх. Натуральный материал.",
    "quantity": 10,
    "category": 15,
    "is_active": true
  }
},
{
  "model": "products.product",
  "pk": 24,
  "fields": {
    "name": "Темно-синие широкие строгие брюки ASOS DESIGN",
    "img": "products_uploads/Dark-blue-wide-leg-ASOs-DESIGN-trousers.png",
    "price": "2890.00",
    "desc": "Легкая эластичная ткань сирсакер Фактурная ткань.",
    "quantity": 10,
    "category": 13,
    "is_active": true
  }
},
{
  "model": "products.product",
  "pk": 25,
  "fields": {
    "name": "Шарик",
    "img": "products_uploads/store_apendix_big167243_45656.jpeg",
    "price": "1200.10",
    "desc": "Шарик новогодний",
    "quantity": 1,
    "category": 17,
    "is_active": false
  }
},
{
  "model": "products.product",
  "pk": 26,
  "fields": {
    "name": "Штанцы",
    "img": "products_uploads/NDgz7hCMI-Q.jpg",
    "price": "1020.00",
    "desc": "Моднявые штанцы",
    "quantity": 10,
    "category": 13,
    "is_active": true
  }
},
{
  "model": "products.product",
  "pk": 27,
  "fields": {
    "name": "Про",
    "img": "products_uploads/NDgz7hCMI-Q_JDz1aEc.jpg",
    "price": "123.00",
    "desc": "выавыа",
    "quantity": 12,
    "category": 18,
    "is_active": false
  }
},
{
  "model": "authapp.shopuser",
  "fields": {
    "password": "pbkdf2_sha256$260000$w1RHxIb1w2UpXRrRuQalBP$oM7Hq4XK4qZfe0wiTIPD/Eyalyxw5zGpuPa/sqZaTrs=",
    "last_login": "2022-01-08T14:43:42.751Z",
    "is_superuser": true,
    "username": "user",
    "first_name": "",
    "last_name": "",
    "email": "django@geekshop.local",
    "is_staff": true,
    "is_active": true,
    "date_joined": "2021-11-22T20:28:04.504Z",
    "avatar": "",
    "age": 33,
    "activation_key": "",
    "activation_key_expires": "2021-12-15T11:33:45.583Z",
    "groups": [],
    "user_permissions": []
  }
},
{
  "model": "authapp.shopuser",
  "fields": {
    "password": "pbkdf2_sha256$260000$g2xUi9UDuWjfhDWoXLkOxT$Y6bGagisCBcceo5Io2RkAjmMfHagSQui8Ud2xx6RPWY=",
    "last_login": "2021-12-08T20:14:52.438Z",
    "is_superuser": false,
    "username": "user1",
    "first_name": "Клецка",
    "last_name": "Варить",
    "email": "user1@mail.ru",
    "is_staff": false,
    "is_active": true,
    "date_joined": "2021-11-27T16:22:59.200Z",
    "avatar": "users_avatars/Adidas-hoodie_gRZYr0I.png",
    "age": 18,
    "activation_key": "",
    "activation_key_expires": "2021-12-15T11:33:45.583Z",
    "groups": [],
    "user_permissions": []
  }
},
{
  "model": "authapp.shopuser",
  "fields": {
    "password": "pbkdf2_sha256$260000$oaUGOA0wRO084Fkv9elg5s$/W47zZhQHwhUguymrVy6bHJyVLKcSIvWApzgEMakSt8=",
    "last_login": null,
    "is_superuser": false,
    "username": "xxx",
    "first_name": "иррвч",
    "last_name": "чтоцч",
    "email": "xxx@dde.ew",
    "is_staff": false,
    "is_active": true,
    "date_joined": "2021-11-28T12:46:43.039Z",
    "avatar": "",
    "age": 18,
    "activation_key": "",
    "activation_key_expires": "2021-12-15T11:33:45.583Z",
    "groups": [],
    "user_permissions": []
  }
},
{
  "model": "authapp.shopuser",
  "fields": {
    "password": "pbkdf2_sha256$260000$1bQ7aUrtuxih8UxffuaCyy$r8Y07ENXJAWdl7WzU4RNYZM0NpnJp8LBvs8+W5NCngM=",
    "last_login": null,
    "is_superuser": false,
    "username": "sff",
    "first_name": "Сфф",
    "last_name": "ИИы",
    "email": "sdf@mail.rer",
    "is_staff": false,
    "is_active": false,
    "date_joined": "2021-11-28T15:53:56.971Z",
    "avatar": "users_avatars/Brown-sports-oversized-top-ASOS-DESIGN_u0rLweT.png",
    "age": 18,
    "activation_key": "",
    "activation_key_expires": "2021-12-15T11:33:45.583Z",
    "groups": [],
    "user_permissions": []
  }
},
{
  "model": "authapp.shopuser",
  "fields": {
    "password": "pbkdf2_sha256$260000$ICSoakIxpdKC2xeI7qzdk2$Y8ABrjuwZktobpN0o+sDPtx45V4oq140qjS8PvnfBBU=",
    "last_login": null,
    "is_superuser": false,
    "username": "fain",
    "first_name": "Файн",
    "last_name": "Укр",
    "email": "d@wq.ew",
    "is_staff": false,
    "is_active": false,
    "date_joined": "2021-12-08T11:23:46.178Z",
    "avatar": "users_avatars/Blue-jacket-The-North-Face.png",
    "age": 18,
    "activation_key": "",
    "activation_key_expires": "2021-12-15T11:33:45.583Z",
    "groups": [],
    "user_permissions": []
  }
},
{
  "model": "authapp.shopuser",
  "fields": {
    "password": "pbkdf2_sha256$260000$cq5sHAeIEZphkNOhfRARRz$L2ilT/FX3RMEflBiGztgBu51RyRfVF3BDD9XAWZKTmg=",
    "last_login": null,
    "is_superuser": false,
    "username": "pes",
    "first_name": "Пес",
    "last_name": "Песий",
    "email": "pes@pes.ru",
    "is_staff": false,
    "is_active": false,
    "date_joined": "2021-12-16T13:07:50.463Z",
    "avatar": "",
    "age": 18,
    "activation_key": "",
    "activation_key_expires": "2021-12-16T13:07:50.620Z",
    "groups": [],
    "user_permissions": []
  }
},
{
  "model": "authapp.shopuser",
  "fields": {
    "password": "pbkdf2_sha256$260000$cbcJyyuUYvUbDdTJd1JUey$wnV9SfPEWFYhWgRNewLFlv8IhRmxdLOKHlmqNu5LA+o=",
    "last_login": null,
    "is_superuser": false,
    "username": "dad",
    "first_name": "pes",
    "last_name": "pesiq",
    "email": "da@md.ru",
    "is_staff": false,
    "is_active": false,
    "date_joined": "2021-12-16T13:12:19.524Z",
    "avatar": "",
    "age": 18,
    "activation_key": "",
    "activation_key_expires": "2021-12-16T13:12:19.678Z",
    "groups": [],
    "user_permissions": []
  }
},
{
  "model": "authapp.shopuser",
  "fields": {
    "password": "pbkdf2_sha256$260000$A1IptFkda83gZsTcH22kTF$qLIqRUl9E+gd66ouGNAxvX90Iub660FFay8sA2v5+RY=",
    "last_login": null,
    "is_superuser": false,
    "username": "dad1",
    "first_name": "pes",
    "last_name": "pesiq",
    "email": "da@md.ru",
    "is_staff": false,
    "is_active": false,
    "date_joined": "2021-12-16T13:14:07.590Z",
    "avatar": "",
    "age": 18,
    "activation_key": "",
    "activation_key_expires": "2021-12-16T13:14:07.757Z",
    "groups": [],
    "user_permissions": []
  }
},
{
  "model": "authapp.shopuser",
  "fields": {
    "password": "pbkdf2_sha256$260000$IVSCoIZDJ1fRXuq2ipT8VK$abfNwdjTdP4UDNEGkOYhTO0U7OHWZ4EM0VQLwvSL4UU=",
    "last_login": null,
    "is_superuser": false,
    "username": "dad2",
    "first_name": "pes",
    "last_name": "pesiq",
    "email": "da@md.ru",
    "is_staff": false,
    "is_active": false,
    "date_joined": "2021-12-16T13:14:35.054Z",
    "avatar": "",
    "age": 18,
    "activation_key": "",
    "activation_key_expires": "2021-12-16T13:14:35.205Z",
    "groups": [],
    "user_permissions": []
  }
},
{
  "model": "authapp.shopuser",
  "fields": {
    "password": "pbkdf2_sha256$260000$PXgopthUA8Dh81k6RxhSap$B6pGMVzFugibSTRRRAeOHq2QNM2h6/B1hQwwbnTLJ0o=",
    "last_login": null,
    "is_superuser": false,
    "username": "dad3",
    "first_name": "pes",
    "last_name": "pesiq",
    "email": "da@md.ru",
    "is_staff": false,
    "is_active": false,
    "date_joined": "2021-12-16T14:41:54.405Z",
    "avatar": "",
    "age": 18,
    "activation_key": "",
    "activation_key_expires": "2021-12-16T14:41:54.561Z",
    "groups": [],
    "user_permissions": []
  }
},
{
  "model": "authapp.shopuser",
  "fields": {
    "password": "pbkdf2_sha256$260000$xfkCOi6IATtr8ZeTfo5Prk$gb1UAgERi+cvUc5OUl7QJfgTqcqOTRzrMobf/9PdcSM=",
    "last_login": null,
    "is_superuser": false,
    "username": "gig",
    "first_name": "Варней",
    "last_name": "Гиг",
    "email": "gig@mail.ru",
    "is_staff": false,
    "is_active": false,
    "date_joined": "2021-12-17T11:12:35.302Z",
    "avatar": "",
    "age": 18,
    "activation_key": "dd6391a856ff0bac8940b3fcb13baaca5441f32f",
    "activation_key_expires": "2021-12-17T11:12:35.532Z",
    "groups": [],
    "user_permissions": []
  }
},
{
  "model": "authapp.shopuser",
  "fields": {
    "password": "pbkdf2_sha256$260000$6d6oZwWoHYILowyXWCnaNR$yHmOGAsZH6gIo39/APe/oCwYKbi0kQr/+rZiD500Hp8=",
    "last_login": null,
    "is_superuser": false,
    "username": "dv",
    "first_name": "Dfarf",
    "last_name": "Sam",
    "email": "dv@mail.ru",
    "is_staff": false,
    "is_active": false,
    "date_joined": "2021-12-17T11:14:05.646Z",
    "avatar": "",
    "age": 18,
    "activation_key": "6092f4322e89795e03e64d694c306674ae975d1b",
    "activation_key_expires": "2021-12-17T11:14:05.800Z",
    "groups": [],
    "user_permissions": []
  }
},
{
  "model": "authapp.shopuser",
  "fields": {
    "password": "pbkdf2_sha256$260000$E7z9aySiqt3kAJvdMMUdeu$N1tVvi8WCATdvmW8WauGHLPGp76v38gLtzQncoaDiq8=",
    "last_login": null,
    "is_superuser": false,
    "username": "zaz",
    "first_name": "Zaz",
    "last_name": "Zzaa",
    "email": "zaz@mail.ru",
    "is_staff": false,
    "is_active": false,
    "date_joined": "2021-12-17T11:15:36.328Z",
    "avatar": "",
    "age": 18,
    "activation_key": "57bad7e05c534b0867ae4e804c1734d7c4a6ee02",
    "activation_key_expires": "2021-12-17T11:15:36.477Z",
    "groups": [],
    "user_permissions": []
  }
},
{
  "model": "authapp.shopuser",
  "fields": {
    "password": "pbkdf2_sha256$260000$xroxLQOvC2cYZn7qzfJRzl$x0fGEL8TYnLQgd12W9EbaCeBM1i/cE3KY4EZrnhNY2I=",
    "last_login": null,
    "is_superuser": false,
    "username": "zaz1",
    "first_name": "zaz",
    "last_name": "zaza",
    "email": "zaz@mail.ru",
    "is_staff": false,
    "is_active": false,
    "date_joined": "2021-12-17T11:20:19.932Z",
    "avatar": "",
    "age": 18,
    "activation_key": "32e065bb52b1c430aee99947a4c5b93178860a10",
    "activation_key_expires": "2021-12-17T11:20:20.096Z",
    "groups": [],
    "user_permissions": []
  }
},
{
  "model": "authapp.shopuser",
  "fields": {
    "password": "pbkdf2_sha256$260000$xvekqYhdGBUrZuKy1MZTwA$9V03KyJAcb01RwFfPkETm5TotwLwqFdrf6o4M3f92S4=",
    "last_login": "2021-12-17T11:22:09.588Z",
    "is_superuser": false,
    "username": "zaz2",
    "first_name": "zaa",
    "last_name": "zazaz",
    "email": "zaz2@mail.ru",
    "is_staff": false,
    "is_active": true,
    "date_joined": "2021-12-17T11:21:52.468Z",
    "avatar": "",
    "age": 18,
    "activation_key": "",
    "activation_key_expires": "2021-12-17T11:22:09.581Z",
    "groups": [],
    "user_permissions": []
  }
},
{
  "model": "authapp.shopuser",
  "fields": {
    "password": "pbkdf2_sha256$260000$vY3fqITOAl4erdWfohQ5bU$KPx0MtKUrxbDfLOeIHMak2JQ8jKiESO48uVFmC08cxU=",
    "last_login": "2021-12-17T11:25:50.876Z",
    "is_superuser": false,
    "username": "Zaze",
    "first_name": "Zxzxz",
    "last_name": "zxzxa",
    "email": "zaze@mail.ru",
    "is_staff": false,
    "is_active": true,
    "date_joined": "2021-12-17T11:25:34.880Z",
    "avatar": "",
    "age": 18,
    "activation_key": "",
    "activation_key_expires": null,
    "groups": [],
    "user_permissions": []
  }
},
{
  "model": "authapp.shopuser",
  "fields": {
    "password": "pbkdf2_sha256$260000$rlHgHEklBCAMJcdCxH23qW$7OwpiNh69dahAWPbbR0DmL4pzkdRzSSg54qumu/dExQ=",
    "last_login": null,
    "is_superuser": false,
    "username": "zaz3",
    "first_name": "zazza",
    "last_name": "zazzza",
    "email": "zaz3@mail.ru",
    "is_staff": false,
    "is_active": false,
    "date_joined": "2021-12-17T11:29:29.998Z",
    "avatar": "",
    "age": 18,
    "activation_key": "faf85149aaf663f74e988e02b3dff17f2bc7a05e",
    "activation_key_expires": "2021-12-17T11:29:30.150Z",
    "groups": [],
    "user_permissions": []
  }
},
{
  "model": "authapp.shopuser",
  "fields": {
    "password": "pbkdf2_sha256$260000$5NcBz24433nkWPPSLsZrue$QRnotTE3m0EC0/g99sVj+ZHsyRbZITZ2HABDeN5XexY=",
    "last_login": "2021-12-17T11:33:07.561Z",
    "is_superuser": false,
    "username": "qaz",
    "first_name": "qwe",
    "last_name": "eqwe",
    "email": "qaz@mail.ru",
    "is_staff": false,
    "is_active": true,
    "date_joined": "2021-12-17T11:32:44.933Z",
    "avatar": "",
    "age": 18,
    "activation_key": "",
    "activation_key_expires": "2021-12-17T11:33:07.553Z",
    "groups": [],
    "user_permissions": []
  }
},
{
  "model": "authapp.shopuser",
  "fields": {
    "password": "pbkdf2_sha256$260000$X6zKFc9xCCg8FHo219xZZ2$z1dFjELTDvHUIKOgbo3l+nYu4jIP+v7sh3WKcHNArsk=",
    "last_login": null,
    "is_superuser": false,
    "username": "wsx",
    "first_name": "wsx",
    "last_name": "wsws",
    "email": "wsx@mail.ry",
    "is_staff": false,
    "is_active": false,
    "date_joined": "2021-12-17T11:33:37.094Z",
    "avatar": "",
    "age": 18,
    "activation_key": "a6e757ff72f39b9428344bc32b49f27639ba597e",
    "activation_key_expires": "2021-12-17T11:33:37.239Z",
    "groups": [],
    "user_permissions": []
  }
},
{
  "model": "authapp.shopuser",
  "fields": {
    "password": "pbkdf2_sha256$260000$AohEc1kjgYZcuLqjl4hFtx$biV+TPUgQ/+c2ySwgQD2whqeiQbraYuuSGkb2UyOFtM=",
    "last_login": null,
    "is_superuser": false,
    "username": "qaq",
    "first_name": "qaq",
    "last_name": "qaqaq",
    "email": "qaq@sq.qq",
    "is_staff": false,
    "is_active": false,
    "date_joined": "2021-12-17T13:50:52.641Z",
    "avatar": "",
    "age": 18,
    "activation_key": "ae62d5fe963687e8b7da06c8dfbbedfa0bc5e026",
    "activation_key_expires": "2021-12-17T13:50:52.789Z",
    "groups": [],
    "user_permissions": []
  }
},
{
  "model": "authapp.shopuser",
  "fields": {
    "password": "pbkdf2_sha256$260000$XN5mIgJDrLp5JdvLxz0AQa$uWUGO2SS3vnkSnUXS9xI4qk2h+wErnstCzkNumUlqFI=",
    "last_login": "2021-12-17T13:52:00.882Z",
    "is_superuser": false,
    "username": "qaq1",
    "first_name": "qaq1",
    "last_name": "qaqaq",
    "email": "qaq1@qsq.wq",
    "is_staff": false,
    "is_active": true,
    "date_joined": "2021-12-17T13:51:31.023Z",
    "avatar": "",
    "age": 18,
    "activation_key": "",
    "activation_key_expires": "2021-12-17T13:52:00.865Z",
    "groups": [],
    "user_permissions": []
  }
},
{
  "model": "authapp.shopuser",
  "fields": {
    "password": "!eF0GJsJnApmS7Bq2tLp5tO4leLJyOSuljPFWRZYD",
    "last_login": "2021-12-21T19:08:28.823Z",
    "is_superuser": false,
    "username": "id134470395",
    "first_name": "Константин",
    "last_name": "Барыльников",
    "email": "konstbar@gmail.com",
    "is_staff": false,
    "is_active": true,
    "date_joined": "2021-12-21T19:05:02.532Z",
    "avatar": "users_avatars/id134470395.jpg",
    "age": 32,
    "activation_key": "",
    "activation_key_expires": "2021-12-21T19:08:28.811Z",
    "groups": [],
    "user_permissions": []
  }
},
{
  "model": "authapp.userprofile",
  "pk": 22,
  "fields": {
    "user": [
      "user"
    ],
    "about": null,
    "gender": "",
    "languages": ""
  }
},
{
  "model": "authapp.userprofile",
  "pk": 23,
  "fields": {
    "user": [
      "user1"
    ],
    "about": null,
    "gender": "",
    "languages": ""
  }
},
{
  "model": "authapp.userprofile",
  "pk": 24,
  "fields": {
    "user": [
      "xxx"
    ],
    "about": null,
    "gender": "",
    "languages": ""
  }
},
{
  "model": "authapp.userprofile",
  "pk": 25,
  "fields": {
    "user": [
      "sff"
    ],
    "about": null,
    "gender": "",
    "languages": ""
  }
},
{
  "model": "authapp.userprofile",
  "pk": 26,
  "fields": {
    "user": [
      "fain"
    ],
    "about": null,
    "gender": "",
    "languages": ""
  }
},
{
  "model": "authapp.userprofile",
  "pk": 27,
  "fields": {
    "user": [
      "pes"
    ],
    "about": null,
    "gender": "",
    "languages": ""
  }
},
{
  "model": "authapp.userprofile",
  "pk": 28,
  "fields": {
    "user": [
      "dad"
    ],
    "about": null,
    "gender": "",
    "languages": ""
  }
},
{
  "model": "authapp.userprofile",
  "pk": 29,
  "fields": {
    "user": [
      "dad1"
    ],
    "about": null,
    "gender": "",
    "languages": ""
  }
},
{
  "model": "authapp.userprofile",
  "pk": 30,
  "fields": {
    "user": [
      "dad2"
    ],
    "about": null,
    "gender": "",
    "languages": ""
  }
},
{
  "model": "authapp.userprofile",
  "pk": 31,
  "fields": {
    "user": [
      "dad3"
    ],
    "about": null,
    "gender": "",
    "languages": ""
  }
},
{
  "model": "authapp.userprofile",
  "pk": 32,
  "fields": {
    "user": [
      "gig"
    ],
    "about": null,
    "gender": "",
    "languages": ""
  }
},
{
  "model": "authapp.userprofile",
  "pk": 33,
  "fields": {
    "user": [
      "dv"
    ],
    "about": null,
    "gender": "",
    "languages": ""
  }
},
{
  "model": "authapp.userprofile",
  "pk": 34,
  "fields": {
    "user": [
      "zaz"
    ],
    "about": null,
    "gender": "",
    "languages": ""
  }
},
{
  "model": "authapp.userprofile",
  "pk": 35,
  "fields": {
    "user": [
      "zaz1"
    ],
    "about": null,
    "gender": "",
    "languages": ""
  }
},
{
  "model": "authapp.userprofile",
  "pk": 36,
  "fields": {
    "user": [
      "zaz2"
    ],
    "about": null,
    "gender": "",
    "languages": ""
  }
},
{
  "model": "authapp.userprofile",
  "pk": 37,
  "fields": {
    "user": [
      "Zaze"
    ],
    "about": null,
    "gender": "",
    "languages": ""
  }
},
{
  "model": "authapp.userprofile",
  "pk": 38,
  "fields": {
    "user": [
      "zaz3"
    ],
    "about": null,
    "gender": "",
    "languages": ""
  }
},
{
  "model": "authapp.userprofile",
  "pk": 39,
  "fields": {
    "user": [
      "qaz"
    ],
    "about": null,
    "gender": "",
    "languages": ""
  }
},
{
  "model": "authapp.userprofile",
  "pk": 40,
  "fields": {
    "user": [
      "wsx"
    ],
    "about": null,
    "gender": "",
    "languages": ""
  }
},
{
  "model": "authapp.userprofile",
  "pk": 41,
  "fields": {
    "user": [
      "qaq"
    ],
    "about": null,
    "gender": "",
    "languages": ""
  }
},
{
  "model": "authapp.userprofile",
  "pk": 42,
  "fields": {
    "user": [
      "qaq1"
    ],
    "about": null,
    "gender": "",
    "languages": ""
  }
},
{
  "model": "authapp.userprofile",
  "pk": 43,
  "fields": {
    "user": [
      "id134470395"
    ],
    "about": "Lorem ipsum dolor sit amet, consectetur adipiscing elit, sed do eiusmod tempor incididunt ut labore et dolore magna aliqua. Ut enim ad minim veniam, quis nostrud exercitation ullamco laboris nisi ut aliquip ex ea commodo consequat. Duis aute irure dolor in reprehenderit in voluptate velit esse cillum dolore eu fugiat nulla pariatur. Excepteur sint occaecat cupidatat non proident, sunt in culpa qui officia deserunt mollit anim id est laborum.",
    "gender": "M",
    "languages": "Русский"
  }
},
{
  "model": "baskets.basket",
  "pk": 43,
  "fields": {
    "user": [
      "user"
    ],
    "product": 21,
    "quantity": 1,
    "create_timestamp": "2022-01-12T17:31:01.459Z",
    "update_timestamp": "2022-01-12T17:31:01.459Z"
  }
},
{
  "model": "social_django.usersocialauth",
  "pk": 2,
  "fields": {
    "user": [
      "id134470395"
    ],
    "provider": "vk-oauth2",
    "uid": "134470395",
    "extra_data": "{\"auth_time\": 1640113708, \"id\": 134470395, \"expires\": 86400, \"access_token\": \"69aec8914d2868cdaa33410e3e3a6951c32edfaa343e833b5d0398197f52e247f4c961c16dcdfda288d60\", \"token_type\": null}",
    "created": "2021-12-21T19:05:02.709Z",
    "modified": "2021-12-21T19:08:28.816Z"
  }
},
{
  "model": "ordersapp.order",
  "pk": 1,
  "fields": {
    "user": [
      "user"
    ],
    "created": "2022-01-06T13:05:23.455Z",
    "updated": "2022-01-06T13:16:42.616Z",
    "status": "STP",
    "is_active": true
  }
},
{
  "model": "ordersapp.order",
  "pk": 2,
  "fields": {
    "user": [
      "user"
    ],
    "created": "2022-01-06T13:16:52.754Z",
    "updated": "2022-01-06T13:17:03.163Z",
    "status": "FM",
    "is_active": false
  }
},
{
  "model": "ordersapp.order",
  "pk": 3,
  "fields": {
    "user": [
      "user"
    ],
    "created": "2022-01-06T13:29:10.485Z",
    "updated": "2022-01-06T13:29:23.293Z",
    "status": "FM",
    "is_active": false
  }
},
{
  "model": "ordersapp.order",
  "pk": 4,
  "fields": {
    "user": [
      "user"
    ],
    "created": "2022-01-06T13:29:31.829Z",
    "updated": "2022-01-07T12:45:35.642Z",
    "status": "FM",
    "is_active": false
  }
},
{
  "model": "ordersapp.order",
  "pk": 5,
  "fields": {
    "user": [
      "user"
    ],
    "created": "2022-01-08T14:30:10.853Z",
    "updated": "2022-01-08T14:30:10.867Z",
    "status": "FM",
    "is_active": true
  }
},
{
  "model": "ordersapp.order",
  "pk": 6,
  "fields": {
    "user": [
      "user"
    ],
    "created": "2022-01-08T14:37:11.625Z",
    "updated": "2022-01-08T14:37:11.641Z",
    "status": "FM",
    "is_active": true
  }
},
{
  "model": "ordersapp.order",
  "pk": 7,
  "fields": {
    "user": [
      "user"
    ],
    "created": "2022-01-08T14:57:11.462Z",
    "updated": "2022-01-11T19:39:42.141Z",
    "status": "FM",
    "is_active": true
  }
},
{
  "model": "ordersapp.order",
  "pk": 8,
  "fields": {
    "user": [
      "user"
    ],
    "created": "2022-01-09T07:35:14.537Z",
    "updated": "2022-01-09T07:35:14.582Z",
    "status": "FM",
    "is_active": true
  }
},
{
  "model": "ordersapp.order",
  "pk": 9,
  "fields": {
    "user": [
      "user"
    ],
    "created": "2022-01-09T16:46:51.346Z",
    "updated": "2022-01-09T17:15:00.175Z",
    "status": "FM",
    "is_active": false
  }
},
{
  "model": "ordersapp.order",
  "pk": 10,
  "fields": {
    "user": [
      "user"
    ],
    "created": "2022-01-09T17:42:09.552Z",
    "updated": "2022-01-10T19:45:39.500Z",
    "status": "FM",
    "is_active": true
  }
},
{
  "model": "ordersapp.order",
  "pk": 11,
  "fields": {
    "user": [
      "user"
    ],
    "created": "2022-01-10T19:40:52.324Z",
    "updated": "2022-01-10T19:40:52.348Z",
    "status": "FM",
    "is_active": false
  }
},
{
  "model": "ordersapp.orderitem",
  "pk": 1,
  "fields": {
    "order": 1,
    "product": 20,
    "quantity": 2
  }
},
{
  "model": "ordersapp.orderitem",
  "pk": 2,
  "fields": {
    "order": 1,
    "product": 21,
    "quantity": 1
  }
},
{
  "model": "ordersapp.orderitem",
  "pk": 3,
  "fields": {
    "order": 1,
    "product": 25,
    "quantity": 1
  }
},
{
  "model": "ordersapp.orderitem",
  "pk": 4,
  "fields": {
    "order": 2,
    "product": 20,
    "quantity": 2
  }
},
{
  "model": "ordersapp.orderitem",
  "pk": 5,
  "fields": {
    "order": 2,
    "product": 21,
    "quantity": 1
  }
},
{
  "model": "ordersapp.orderitem",
  "pk": 6,
  "fields": {
    "order": 2,
    "product": 25,
    "quantity": 1
  }
},
{
  "model": "ordersapp.orderitem",
  "pk": 7,
  "fields": {
    "order": 3,
    "product": 20,
    "quantity": 2
  }
},
{
  "model": "ordersapp.orderitem",
  "pk": 8,
  "fields": {
    "order": 3,
    "product": 21,
    "quantity": 1
  }
},
{
  "model": "ordersapp.orderitem",
  "pk": 9,
  "fields": {
    "order": 3,
    "product": 25,
    "quantity": 1
  }
},
{
  "model": "ordersapp.orderitem",
  "pk": 10,
  "fields": {
    "order": 4,
    "product": 20,
    "quantity": 2
  }
},
{
  "model": "ordersapp.orderitem",
  "pk": 11,
  "fields": {
    "order": 4,
    "product": 21,
    "quantity": 1
  }
},
{
  "model": "ordersapp.orderitem",
  "pk": 12,
  "fields": {
    "order": 4,
    "product": 25,
    "quantity": 1
  }
},
{
  "model": "ordersapp.orderitem",
  "pk": 15,
  "fields": {
    "order": 5,
    "product": 25,
    "quantity": 1
  }
},
{
  "model": "ordersapp.orderitem",
  "pk": 16,
  "fields": {
    "order": 6,
    "product": 25,
    "quantity": 1
  }
},
{
  "model": "ordersapp.orderitem",
  "pk": 17,
  "fields": {
    "order": 7,
    "product": 25,
    "quantity": 1
  }
},
{
  "model": "ordersapp.orderitem",
  "pk": 18,
  "fields": {
    "order": 8,
    "product": 25,
    "quantity": 1
  }
},
{
  "model": "ordersapp.orderitem",
  "pk": 19,
  "fields": {
    "order": 9,
    "product": 25,
    "quantity": 1
  }
},
{
  "model": "ordersapp.orderitem",
  "pk": 20,
  "fields": {
    "order": 10,
    "product": 20,
    "quantity": 1
  }
},
{
  "model": "ordersapp.orderitem",
  "pk": 21,
  "fields": {
    "order": 10,
    "product": 21,
    "quantity": 3
  }
},
{
  "model": "ordersapp.orderitem",
  "pk": 22,
  "fields": {
    "order": 10,
    "product": 22,
    "quantity": 1
  }
},
{
  "model": "ordersapp.orderitem",
  "pk": 23,
  "fields": {
    "order": 10,
    "product": 25,
    "quantity": 1
  }
},
{
  "model": "ordersapp.orderitem",
  "pk": 24,
  "fields": {
    "order": 10,
    "product": 25,
    "quantity": 2
  }
},
{
  "model": "ordersapp.orderitem",
  "pk": 25,
  "fields": {
    "order": 7,
    "product": 23,
    "quantity": 0
  }
}
]
